engine,threads,shards,seconds,total_ops,ops_per_sec,read_pct,rep
none,1,1,3.00,5971732,1989992,90,1
none,1,1,3.00,6533304,2177453,90,2
none,1,1,3.00,6474808,2157887,90,3
global,1,1,3.00,5937985,1979179,90,1
global,1,1,3.00,5829102,1942688,90,2
global,1,1,3.00,5904243,1967880,90,3
sharded,1,16,3.00,6035231,2010528,90,1
sharded,1,16,3.00,6061968,2020307,90,2
sharded,1,16,3.00,6137760,2045463,90,3
global,2,1,3.00,1952681,650530,90,1
global,2,1,3.00,1962086,653640,90,2
global,2,1,3.00,1961765,653862,90,3
sharded,2,16,3.00,5777948,1924754,90,1
sharded,2,16,3.00,5776626,1925392,90,2
sharded,2,16,3.00,5302068,1767207,90,3
global,4,1,3.00,1740938,580258,90,1
global,4,1,3.00,1687415,562421,90,2
global,4,1,3.00,1499799,499884,90,3
sharded,4,16,3.00,7010133,2336029,90,1
sharded,4,16,3.00,8001999,2667134,90,2
sharded,4,16,3.00,7015859,2338087,90,3
global,8,1,3.00,1689797,563201,90,1
global,8,1,3.00,1687425,562400,90,2
global,8,1,3.00,1576345,525313,90,3
sharded,8,16,3.00,7673106,2557281,90,1
sharded,8,16,3.00,8538659,2845802,90,2
sharded,8,16,3.00,9847468,3281698,90,3
global,12,1,3.00,1755324,585041,90,1
global,12,1,3.00,1714358,571380,90,2
global,12,1,3.00,1468748,489521,90,3
sharded,12,16,3.00,7527326,2508451,90,1
sharded,12,16,3.00,8558418,2852012,90,2
sharded,12,16,3.00,6671745,2223535,90,3
none,1,1,3.00,4498873,1499420,50,1
none,1,1,3.00,4623987,1541150,50,2
none,1,1,3.00,4719666,1572970,50,3
global,1,1,3.00,4631979,1543562,50,1
global,1,1,3.00,4815881,1605048,50,2
global,1,1,3.00,4839937,1613191,50,3
sharded,1,16,3.00,5707456,1902026,50,1
sharded,1,16,3.00,5077718,1692430,50,2
sharded,1,16,3.00,5731821,1910498,50,3
global,2,1,3.00,1931083,643263,50,1
global,2,1,3.00,1961785,653871,50,2
global,2,1,3.00,1895646,631786,50,3
sharded,2,16,3.00,6130349,2043341,50,1
sharded,2,16,3.00,6014885,2004569,50,2
sharded,2,16,3.00,5883859,1961125,50,3
global,4,1,3.00,2179086,726310,50,1
global,4,1,3.00,2078057,692630,50,2
global,4,1,3.00,2105915,701866,50,3
sharded,4,16,3.00,9014416,3004425,50,1
sharded,4,16,3.00,8855487,2950395,50,2
sharded,4,16,3.00,9208609,3068412,50,3
global,8,1,3.00,2155377,718399,50,1
global,8,1,3.00,2156901,718910,50,2
global,8,1,3.00,2121000,706861,50,3
sharded,8,16,3.00,12766787,4255157,50,1
sharded,8,16,3.00,13109740,4369166,50,2
sharded,8,16,3.00,11809372,3936084,50,3
global,12,1,3.00,1975596,658431,50,1
global,12,1,3.00,2007775,669188,50,2
global,12,1,3.00,1969140,656331,50,3
sharded,12,16,3.00,14981778,4992602,50,1
sharded,12,16,3.00,14973664,4990734,50,2
sharded,12,16,3.00,15197515,5065308,50,3
sharded,8,1,3.00,2442584,814046,90,1
sharded,8,1,3.00,2447063,815542,90,2
sharded,8,1,3.00,2327585,775533,90,3
sharded,8,2,3.00,4037055,1345509,90,1
sharded,8,2,3.00,4085960,1361878,90,2
sharded,8,2,3.00,3954271,1317924,90,3
sharded,8,4,3.00,6173087,2057453,90,1
sharded,8,4,3.00,6460209,2153209,90,2
sharded,8,4,3.00,6408036,2135812,90,3
sharded,8,8,3.00,8882322,2960536,90,1
sharded,8,8,3.00,9167245,3055490,90,2
sharded,8,8,3.00,9246660,3081959,90,3
sharded,8,16,3.00,12076826,4025169,90,1
sharded,8,16,3.00,12336285,4111702,90,2
sharded,8,16,3.00,10677519,3558787,90,3
sharded,8,64,3.00,11508763,3835769,90,1
sharded,8,64,3.00,13295657,4431343,90,2
sharded,8,64,3.00,13995132,4664533,90,3
sharded,8,256,3.00,25826144,8607790,90,1
sharded,8,256,3.00,27667370,9219270,90,2
sharded,8,256,3.00,27874756,9290760,90,3
