config,clients,pipeline,requests,rps,avg_ms,min_ms,p50_ms,p95_ms,p99_ms,max_ms,rep,wal_fsyncs,wal_records
no-persistence,50,1,3000000,322858.38,0.103,0.008,0.087,0.207,0.471,136.447,1,,
no-persistence,50,1,3000000,332815.62,0.097,0.008,0.087,0.191,0.383,59.455,2,,
no-persistence,50,1,3000000,292084.50,0.114,0.008,0.079,0.231,0.663,41.407,3,,
no-persistence,50,16,12000000,1407459.50,0.537,0.024,0.431,1.031,1.999,154.623,1,,
no-persistence,50,16,12000000,1713306.62,0.445,0.024,0.407,0.831,1.127,5.079,2,,
no-persistence,50,16,12000000,1845586.00,0.416,0.024,0.383,0.767,0.983,44.671,3,,
fsync-no,50,1,3000000,235128.14,0.153,0.008,0.079,0.215,0.431,3000.319,1,0,3000000
fsync-no,50,1,3000000,352816.66,0.097,0.008,0.079,0.199,0.367,34.271,2,0,6000000
fsync-no,50,1,3000000,349854.25,0.098,0.008,0.079,0.183,0.295,110.399,3,0,9000000
fsync-no,50,16,12000000,860893.88,0.867,0.032,0.663,1.431,2.263,340.479,1,0,12000000
fsync-no,50,16,12000000,542446.44,1.445,0.040,0.663,1.967,13.319,654.335,2,0,24000000
fsync-no,50,16,12000000,418687.44,1.875,0.040,0.703,2.207,11.167,2977.791,3,0,36000000
fsync-everysec,50,1,3000000,221795.06,0.173,0.008,0.087,0.351,1.015,635.903,1,11,3000000
fsync-everysec,50,1,3000000,219683.66,0.177,0.008,0.087,0.311,0.855,1389.567,2,20,6000000
fsync-everysec,50,1,3000000,268408.34,0.137,0.008,0.079,0.255,0.551,248.959,3,28,9000000
fsync-everysec,50,16,12000000,489795.91,1.593,0.048,0.711,2.023,13.623,1125.375,1,15,12000000
fsync-everysec,50,16,12000000,771753.81,1.021,0.048,0.631,1.391,3.087,787.455,2,24,24000000
fsync-everysec,50,16,12000000,590115.56,1.326,0.040,0.671,1.735,7.135,717.311,3,33,36000000
fsync-always,50,1,20000,333.90,149.018,7.568,123.583,273.407,495.103,1006.079,1,9903,20000
fsync-always,50,1,20000,356.26,140.056,5.472,119.871,248.831,496.127,1101.823,2,19806,40000
fsync-always,50,1,20000,359.46,138.519,5.696,119.935,239.487,385.023,1511.423,3,29713,60000
fsync-always,50,16,300000,5008.68,159.335,20.320,141.823,279.807,368.127,1098.751,1,9361,300000
fsync-always,50,16,300000,4534.87,175.642,12.792,146.943,310.271,714.239,1673.215,2,18721,600000
fsync-always,50,16,300000,5205.62,152.780,12.008,137.343,271.615,366.591,728.575,3,28088,900000
