config,clients,pipeline,test,requests,rps,avg_ms,min_ms,p50_ms,p95_ms,p99_ms,max_ms,rep
single,1,1,SET,100000,13774.10,0.066,0.024,0.055,0.103,0.183,24.879,1
single,1,1,GET,100000,12481.28,0.074,0.024,0.055,0.103,0.191,22.959,1
single,1,1,SET,100000,10504.20,0.088,0.024,0.055,0.119,0.239,54.271,2
single,1,1,GET,100000,16641.71,0.056,0.024,0.055,0.079,0.127,24.511,2
single,1,1,SET,100000,15870.50,0.056,0.024,0.055,0.087,0.135,13.735,3
single,1,1,GET,100000,15979.55,0.056,0.024,0.055,0.087,0.135,12.655,3
single,10,1,SET,400000,68740.34,0.134,0.000,0.119,0.255,0.319,71.487,1
single,10,1,GET,400000,58997.05,0.160,0.008,0.127,0.271,0.407,25.887,1
single,10,1,SET,400000,63969.30,0.143,0.000,0.119,0.255,0.359,38.367,2
single,10,1,GET,400000,44282.08,0.210,0.008,0.135,0.311,0.711,40.351,2
single,10,1,SET,400000,63734.86,0.147,0.008,0.127,0.263,0.367,26.815,3
single,10,1,GET,400000,61510.07,0.154,0.008,0.127,0.271,0.375,24.895,3
single,50,1,SET,400000,79952.03,0.603,0.040,0.551,0.959,1.303,21.999,1
single,50,1,GET,400000,69444.45,0.676,0.040,0.543,1.079,3.047,44.639,1
single,50,1,SET,400000,88809.95,0.550,0.032,0.479,0.951,1.391,19.391,2
single,50,1,GET,400000,63755.18,0.740,0.032,0.495,1.127,7.647,41.087,2
single,50,1,SET,400000,53092.65,0.912,0.024,0.535,1.495,11.775,45.247,3
single,50,1,GET,400000,72293.52,0.660,0.024,0.535,1.167,2.023,42.399,3
single,200,1,SET,400000,75614.37,2.584,0.416,1.639,5.839,13.303,46.975,1
single,200,1,GET,400000,83629.52,2.264,0.248,1.687,4.463,7.511,34.079,1
single,200,1,SET,400000,72621.64,2.634,0.168,2.159,4.895,8.607,29.999,2
single,200,1,GET,400000,61368.52,3.217,0.320,3.591,5.295,11.351,43.007,2
single,200,1,SET,400000,79904.12,2.393,0.248,1.543,4.271,7.647,35.103,3
single,200,1,GET,400000,66511.48,2.841,0.080,1.335,11.751,23.535,58.815,3
global-4w,1,1,SET,100000,13766.52,0.066,0.024,0.055,0.103,0.191,16.447,1
global-4w,1,1,GET,100000,13766.52,0.067,0.024,0.055,0.111,0.207,24.991,1
global-4w,1,1,SET,100000,14792.90,0.063,0.016,0.055,0.103,0.183,16.039,2
global-4w,1,1,GET,100000,13753.27,0.066,0.024,0.055,0.103,0.167,22.079,2
global-4w,1,1,SET,100000,13312.03,0.070,0.024,0.055,0.103,0.175,17.343,3
global-4w,1,1,GET,100000,11401.21,0.081,0.016,0.055,0.119,0.223,20.607,3
global-4w,10,1,SET,3000000,157712.12,0.051,0.000,0.039,0.103,0.239,37.983,1
global-4w,10,1,GET,3000000,166500.17,0.048,0.000,0.039,0.095,0.175,29.103,1
global-4w,10,1,SET,3000000,134282.27,0.061,0.000,0.039,0.103,0.239,38.783,2
global-4w,10,1,GET,3000000,166453.97,0.049,0.000,0.039,0.103,0.199,27.535,2
global-4w,10,1,SET,3000000,113593.34,0.074,0.000,0.039,0.127,0.311,77.759,3
global-4w,10,1,GET,3000000,176408.33,0.046,0.000,0.039,0.087,0.167,25.327,3
global-4w,50,1,SET,3000000,272405.34,0.156,0.008,0.111,0.343,0.583,34.463,1
global-4w,50,1,GET,3000000,248303.27,0.167,0.008,0.103,0.319,0.647,39.391,1
global-4w,50,1,SET,3000000,278706.81,0.150,0.008,0.103,0.295,0.535,29.599,2
global-4w,50,1,GET,3000000,299730.25,0.138,0.008,0.103,0.279,0.439,26.351,2
global-4w,50,1,SET,3000000,189274.44,0.222,0.008,0.103,0.351,2.559,47.615,3
global-4w,50,1,GET,3000000,292084.50,0.139,0.008,0.103,0.271,0.455,26.575,3
global-4w,200,1,SET,3000000,342465.75,0.492,0.032,0.423,0.903,1.351,25.919,1
global-4w,200,1,GET,3000000,324114.09,0.519,0.024,0.431,0.975,1.527,31.567,1
global-4w,200,1,SET,3000000,225462.20,0.788,0.040,0.527,1.455,9.063,59.039,2
global-4w,200,1,GET,3000000,183812.28,0.950,0.024,0.535,2.159,11.255,59.391,2
global-4w,200,1,SET,3000000,278473.97,0.633,0.032,0.511,1.191,2.543,43.871,3
global-4w,200,1,GET,3000000,278577.41,0.646,0.024,0.511,1.287,2.735,41.055,3
sharded-4w,1,1,SET,100000,11411.62,0.081,0.024,0.055,0.119,0.255,55.103,1
sharded-4w,1,1,GET,100000,13310.26,0.069,0.016,0.055,0.103,0.183,21.695,1
sharded-4w,1,1,SET,100000,14792.90,0.063,0.024,0.055,0.095,0.167,15.391,2
sharded-4w,1,1,GET,100000,15351.55,0.059,0.024,0.055,0.087,0.143,16.543,2
sharded-4w,1,1,SET,100000,16644.47,0.055,0.024,0.055,0.079,0.119,15.783,3
sharded-4w,1,1,GET,100000,14249.07,0.065,0.024,0.055,0.103,0.167,24.239,3
sharded-4w,10,1,SET,3000000,153201.92,0.052,0.000,0.031,0.079,0.175,32.639,1
sharded-4w,10,1,GET,3000000,199960.00,0.039,0.000,0.039,0.071,0.135,22.703,1
sharded-4w,10,1,SET,3000000,199853.44,0.039,0.000,0.039,0.071,0.127,26.351,2
sharded-4w,10,1,GET,3000000,168312.39,0.047,0.000,0.031,0.079,0.159,40.607,2
sharded-4w,10,1,SET,3000000,171223.11,0.046,0.000,0.039,0.087,0.207,27.855,3
sharded-4w,10,1,GET,3000000,120680.64,0.068,0.000,0.039,0.111,0.319,59.455,3
sharded-4w,50,1,SET,3000000,278577.41,0.123,0.008,0.087,0.271,0.695,28.415,1
sharded-4w,50,1,GET,3000000,299850.06,0.113,0.008,0.079,0.247,0.599,32.959,1
sharded-4w,50,1,SET,3000000,299102.69,0.111,0.008,0.079,0.191,0.423,88.959,2
sharded-4w,50,1,GET,3000000,225005.62,0.154,0.008,0.079,0.231,0.959,44.639,2
sharded-4w,50,1,SET,3000000,238227.58,0.147,0.008,0.087,0.287,0.855,59.231,3
sharded-4w,50,1,GET,3000000,306936.78,0.109,0.008,0.087,0.199,0.431,67.711,3
sharded-4w,200,1,SET,3000000,352360.81,0.346,0.024,0.303,0.543,0.943,36.607,1
sharded-4w,200,1,GET,3000000,314531.34,0.404,0.016,0.303,0.631,2.055,29.263,1
sharded-4w,200,1,SET,3000000,238189.75,0.565,0.032,0.311,0.895,9.815,43.135,2
sharded-4w,200,1,GET,3000000,352030.03,0.354,0.024,0.303,0.583,1.087,19.807,2
sharded-4w,200,1,SET,3000000,332520.50,0.383,0.032,0.311,0.663,1.767,28.751,3
sharded-4w,200,1,GET,3000000,342231.34,0.376,0.024,0.311,0.583,1.255,42.591,3
single,50,16,SET,12000000,405912.81,1.947,0.040,1.343,3.719,14.431,85.567,1
single,50,16,GET,12000000,484105.22,1.632,0.120,1.343,3.095,6.207,53.535,1
single,50,16,SET,12000000,478564.28,1.657,0.128,1.223,3.111,11.095,46.847,2
single,50,16,GET,12000000,464630.03,1.699,0.144,1.343,2.791,11.407,43.263,2
single,50,16,SET,12000000,584425.06,1.346,0.104,1.207,1.991,4.111,34.655,3
single,50,16,GET,12000000,427426.53,1.846,0.112,1.351,3.263,12.863,87.295,3
global-4w,50,16,SET,12000000,509792.28,1.550,0.064,1.295,2.759,5.975,53.247,1
global-4w,50,16,GET,12000000,423026.75,1.865,0.048,1.439,3.335,11.855,115.007,1
global-4w,50,16,SET,12000000,443491.75,1.785,0.040,1.375,3.271,11.223,68.799,2
global-4w,50,16,GET,12000000,435161.00,1.813,0.040,1.455,3.167,10.495,56.863,2
global-4w,50,16,SET,12000000,479367.22,1.654,0.032,1.359,2.887,8.775,59.359,3
global-4w,50,16,GET,12000000,403307.12,1.960,0.056,1.527,3.783,9.351,214.783,3
sharded-4w,50,16,SET,12000000,1255755.62,0.610,0.016,0.407,1.007,6.559,47.231,1
sharded-4w,50,16,GET,12000000,1390337.25,0.526,0.016,0.407,0.887,1.887,39.519,1
sharded-4w,50,16,SET,12000000,1408946.75,0.533,0.016,0.407,0.959,1.927,43.935,2
sharded-4w,50,16,GET,12000000,1290600.12,0.594,0.024,0.423,1.063,3.415,48.863,2
sharded-4w,50,16,SET,12000000,1292407.12,0.589,0.024,0.391,0.991,5.863,43.167,3
sharded-4w,50,16,GET,12000000,1774885.38,0.427,0.016,0.383,0.775,1.047,28.079,3
